Modelo,Split,Horizonte,Comuna,Nombre,MAE,RMSE,R2,N,media_real,max_real
Persistencia,Train,0,1,C1 Puerto Madero,25.76,71.34,0.809,51,68.14,649.0
Random Forest,Train,0,1,C1 Puerto Madero,22.53,64.88,0.85,48,72.31,649.0
XGBoost,Train,0,1,C1 Puerto Madero,3.51,11.07,0.996,48,72.31,649.0
LSTM+aug,Train,0,1,C1 Puerto Madero,131.28,179.99,-0.02,40,74.3,649.0
Persistencia,Train,0,2,C2 Recoleta,1.39,3.18,0.755,51,2.78,26.0
Random Forest,Train,0,2,C2 Recoleta,1.14,2.44,0.863,48,2.96,26.0
XGBoost,Train,0,2,C2 Recoleta,0.22,0.48,0.995,48,2.96,26.0
LSTM+aug,Train,0,2,C2 Recoleta,96.75,96.97,-219.069,40,2.65,26.0
Persistencia,Train,0,3,C3 Balvanera,2.53,5.76,0.657,51,4.35,42.0
Random Forest,Train,0,3,C3 Balvanera,1.38,2.84,0.92,48,4.62,42.0
XGBoost,Train,0,3,C3 Balvanera,0.42,0.98,0.991,48,4.62,42.0
LSTM+aug,Train,0,3,C3 Balvanera,95.15,95.7,-85.782,40,4.25,42.0
Persistencia,Train,0,4,C4 La Boca,4.18,9.93,0.768,51,9.61,86.0
Random Forest,Train,0,4,C4 La Boca,2.1,5.3,0.937,48,10.21,86.0
XGBoost,Train,0,4,C4 La Boca,0.66,1.82,0.993,48,10.21,86.0
LSTM+aug,Train,0,4,C4 La Boca,89.67,92.31,-16.786,40,9.73,86.0
Persistencia,Train,0,5,C5 Almagro,2.24,4.82,0.772,51,4.73,37.0
Random Forest,Train,0,5,C5 Almagro,1.05,2.29,0.951,48,5.02,37.0
XGBoost,Train,0,5,C5 Almagro,0.33,0.59,0.997,48,5.02,37.0
LSTM+aug,Train,0,5,C5 Almagro,94.95,95.45,-95.05,40,4.45,36.0
Persistencia,Train,0,6,C6 Caballito,1.63,3.74,0.797,51,3.69,35.0
Random Forest,Train,0,6,C6 Caballito,0.91,2.35,0.924,48,3.9,35.0
XGBoost,Train,0,6,C6 Caballito,0.28,0.71,0.993,48,3.9,35.0
LSTM+aug,Train,0,6,C6 Caballito,96.25,96.54,-163.303,40,3.15,34.0
Persistencia,Train,0,7,C7 Flores,5.96,14.29,0.85,51,16.47,140.0
Random Forest,Train,0,7,C7 Flores,1.82,4.77,0.984,48,17.46,140.0
XGBoost,Train,0,7,C7 Flores,0.62,1.63,0.998,48,17.46,140.0
LSTM+aug,Train,0,7,C7 Flores,88.62,91.67,-4.428,40,16.6,140.0
Persistencia,Train,0,8,C8 Lugano,7.08,15.03,0.82,51,16.04,148.0
Random Forest,Train,0,8,C8 Lugano,2.84,6.3,0.97,48,17.04,148.0
XGBoost,Train,0,8,C8 Lugano,0.8,2.34,0.996,48,17.04,148.0
LSTM+aug,Train,0,8,C8 Lugano,88.11,91.49,-5.343,40,15.43,148.0
Persistencia,Train,0,9,C9 Liniers,22.02,54.96,0.8,51,51.06,553.0
Random Forest,Train,0,9,C9 Liniers,15.35,37.98,0.909,48,54.23,553.0
XGBoost,Train,0,9,C9 Liniers,2.36,6.7,0.997,48,54.23,553.0
LSTM+aug,Train,0,9,C9 Liniers,106.52,120.65,-0.349,40,38.0,495.0
Persistencia,Train,0,10,C10 Floresta,11.47,30.03,0.785,51,26.69,274.0
Random Forest,Train,0,10,C10 Floresta,4.86,12.55,0.964,48,28.35,274.0
XGBoost,Train,0,10,C10 Floresta,1.32,3.54,0.997,48,28.35,274.0
LSTM+aug,Train,0,10,C10 Floresta,95.69,97.82,-1.37,40,25.02,274.0
Persistencia,Train,0,11,C11 Villa del Parque,10.43,27.33,0.729,51,21.0,261.0
Random Forest,Train,0,11,C11 Villa del Parque,4.58,12.0,0.95,48,22.29,261.0
XGBoost,Train,0,11,C11 Villa del Parque,1.29,3.28,0.996,48,22.29,261.0
LSTM+aug,Train,0,11,C11 Villa del Parque,93.94,96.19,-2.138,40,20.0,261.0
Persistencia,Train,0,12,C12 Coghlan,2.86,7.13,0.657,51,5.0,58.0
Random Forest,Train,0,12,C12 Coghlan,1.23,2.64,0.955,48,5.31,58.0
XGBoost,Train,0,12,C12 Coghlan,0.36,0.79,0.996,48,5.31,58.0
LSTM+aug,Train,0,12,C12 Coghlan,94.02,94.96,-49.753,40,5.38,58.0
Persistencia,Train,0,13,C13 Belgrano,2.75,6.15,0.772,51,6.04,51.0
Random Forest,Train,0,13,C13 Belgrano,1.31,3.06,0.946,48,6.4,51.0
XGBoost,Train,0,13,C13 Belgrano,0.35,0.77,0.997,48,6.4,51.0
LSTM+aug,Train,0,13,C13 Belgrano,93.6,94.51,-50.828,40,5.8,51.0
Persistencia,Train,0,14,C14 Palermo,6.04,15.52,0.764,51,13.02,142.0
Random Forest,Train,0,14,C14 Palermo,2.41,6.45,0.961,48,13.83,142.0
XGBoost,Train,0,14,C14 Palermo,0.64,1.35,0.998,48,13.83,142.0
LSTM+aug,Train,0,14,C14 Palermo,89.58,92.84,-7.756,40,12.02,142.0
Persistencia,Train,0,15,C15 Agronomía,4.9,11.51,0.665,51,8.78,84.0
Random Forest,Train,0,15,C15 Agronomía,1.72,4.2,0.958,48,9.33,84.0
XGBoost,Train,0,15,C15 Agronomía,0.55,1.31,0.996,48,9.33,84.0
LSTM+aug,Train,0,15,C15 Agronomía,90.72,93.04,-19.338,40,8.68,84.0
Persistencia,Train,1,1,C1 Puerto Madero,25.76,71.34,0.809,51,68.14,649.0
XGBoost,Train,1,1,C1 Puerto Madero,10.02,30.89,0.966,48,72.35,649.0
LSTM+aug,Train,1,1,C1 Puerto Madero,64.33,158.97,-0.081,40,58.2,644.0
Persistencia,Train,1,2,C2 Recoleta,1.39,3.18,0.755,51,2.78,26.0
XGBoost,Train,1,2,C2 Recoleta,0.41,1.03,0.976,48,3.0,26.0
LSTM+aug,Train,1,2,C2 Recoleta,13.36,13.68,-4.828,40,2.15,26.0
Persistencia,Train,1,3,C3 Balvanera,2.53,5.76,0.657,51,4.35,42.0
XGBoost,Train,1,3,C3 Balvanera,0.52,1.06,0.989,48,4.69,42.0
LSTM+aug,Train,1,3,C3 Balvanera,13.71,14.17,-1.691,40,3.38,42.0
Persistencia,Train,1,4,C4 La Boca,4.18,9.93,0.768,51,9.61,86.0
XGBoost,Train,1,4,C4 La Boca,1.28,3.53,0.972,48,10.27,86.0
LSTM+aug,Train,1,4,C4 La Boca,17.22,21.14,-0.099,40,8.25,86.0
Persistencia,Train,1,5,C5 Almagro,2.24,4.82,0.772,51,4.73,37.0
XGBoost,Train,1,5,C5 Almagro,0.7,1.36,0.983,48,5.1,37.0
LSTM+aug,Train,1,5,C5 Almagro,13.58,13.96,-1.494,40,3.8,36.0
Persistencia,Train,1,6,C6 Caballito,1.63,3.74,0.797,51,3.69,35.0
XGBoost,Train,1,6,C6 Caballito,0.43,1.12,0.983,48,3.96,35.0
LSTM+aug,Train,1,6,C6 Caballito,13.09,13.49,-4.625,40,2.38,27.0
Persistencia,Train,1,7,C7 Flores,5.96,14.29,0.85,51,16.47,140.0
XGBoost,Train,1,7,C7 Flores,1.5,3.39,0.992,48,17.42,140.0
LSTM+aug,Train,1,7,C7 Flores,22.1,34.2,-0.002,40,13.18,140.0
Persistencia,Train,1,8,C8 Lugano,7.08,15.03,0.82,51,16.04,148.0
XGBoost,Train,1,8,C8 Lugano,0.89,1.77,0.998,48,17.12,148.0
LSTM+aug,Train,1,8,C8 Lugano,20.19,29.63,-0.009,40,11.85,127.0
Persistencia,Train,1,9,C9 Liniers,22.02,54.96,0.8,51,51.06,553.0
XGBoost,Train,1,9,C9 Liniers,5.45,15.0,0.986,48,54.17,553.0
LSTM+aug,Train,1,9,C9 Liniers,34.42,74.63,-0.022,40,25.62,351.0
Persistencia,Train,1,10,C10 Floresta,11.47,30.03,0.785,51,26.69,274.0
XGBoost,Train,1,10,C10 Floresta,2.53,8.82,0.982,48,28.4,274.0
LSTM+aug,Train,1,10,C10 Floresta,26.67,49.67,-0.005,40,18.23,212.0
Persistencia,Train,1,11,C11 Villa del Parque,10.43,27.33,0.729,51,21.0,261.0
XGBoost,Train,1,11,C11 Villa del Parque,2.67,10.19,0.964,48,22.29,261.0
LSTM+aug,Train,1,11,C11 Villa del Parque,22.57,38.26,-0.001,40,13.55,169.0
Persistencia,Train,1,12,C12 Coghlan,2.86,7.13,0.657,51,5.0,58.0
XGBoost,Train,1,12,C12 Coghlan,0.7,1.5,0.985,48,5.38,58.0
LSTM+aug,Train,1,12,C12 Coghlan,14.36,15.49,-0.8,40,4.28,58.0
Persistencia,Train,1,13,C13 Belgrano,2.75,6.15,0.772,51,6.04,51.0
XGBoost,Train,1,13,C13 Belgrano,1.02,2.3,0.97,48,6.42,51.0
LSTM+aug,Train,1,13,C13 Belgrano,14.03,14.88,-0.84,40,4.55,47.0
Persistencia,Train,1,14,C14 Palermo,6.04,15.52,0.764,51,13.02,142.0
XGBoost,Train,1,14,C14 Palermo,1.75,4.78,0.979,48,13.83,142.0
LSTM+aug,Train,1,14,C14 Palermo,17.83,24.3,-0.068,40,8.48,101.0
Persistencia,Train,1,15,C15 Agronomía,4.9,11.51,0.665,51,8.78,84.0
XGBoost,Train,1,15,C15 Agronomía,1.47,4.08,0.96,48,9.44,84.0
LSTM+aug,Train,1,15,C15 Agronomía,16.0,18.51,-0.223,40,6.7,79.0
Persistencia,Train,2,1,C1 Puerto Madero,25.76,71.34,0.809,51,68.14,649.0
XGBoost,Train,2,1,C1 Puerto Madero,3.62,13.8,0.993,48,72.96,649.0
LSTM+aug,Train,2,1,C1 Puerto Madero,60.7,121.01,-0.005,40,42.92,622.0
Persistencia,Train,2,2,C2 Recoleta,1.39,3.18,0.755,51,2.78,26.0
XGBoost,Train,2,2,C2 Recoleta,0.13,0.25,0.999,48,3.04,26.0
LSTM+aug,Train,2,2,C2 Recoleta,32.99,33.33,-47.183,40,1.7,26.0
Persistencia,Train,2,3,C3 Balvanera,2.53,5.76,0.657,51,4.35,42.0
XGBoost,Train,2,3,C3 Balvanera,0.48,1.08,0.988,48,4.83,42.0
LSTM+aug,Train,2,3,C3 Balvanera,32.03,32.7,-14.956,40,3.03,42.0
Persistencia,Train,2,4,C4 La Boca,4.18,9.93,0.768,51,9.61,86.0
XGBoost,Train,2,4,C4 La Boca,0.67,1.65,0.994,48,10.5,86.0
LSTM+aug,Train,2,4,C4 La Boca,32.28,33.24,-2.213,40,7.1,86.0
Persistencia,Train,2,5,C5 Almagro,2.24,4.82,0.772,51,4.73,37.0
XGBoost,Train,2,5,C5 Almagro,0.4,0.89,0.993,48,5.17,37.0
LSTM+aug,Train,2,5,C5 Almagro,31.75,32.51,-18.889,40,3.0,36.0
Persistencia,Train,2,6,C6 Caballito,1.63,3.74,0.797,51,3.69,35.0
XGBoost,Train,2,6,C6 Caballito,0.29,0.8,0.991,48,4.04,35.0
LSTM+aug,Train,2,6,C6 Caballito,32.89,33.14,-63.954,40,1.8,19.0
Persistencia,Train,2,7,C7 Flores,5.96,14.29,0.85,51,16.47,140.0
XGBoost,Train,2,7,C7 Flores,0.68,2.15,0.997,48,17.42,140.0
LSTM+aug,Train,2,7,C7 Flores,35.27,37.85,-0.738,40,10.02,140.0
Persistencia,Train,2,8,C8 Lugano,7.08,15.03,0.82,51,16.04,148.0
XGBoost,Train,2,8,C8 Lugano,0.81,1.78,0.998,48,17.31,148.0
LSTM+aug,Train,2,8,C8 Lugano,33.77,35.79,-0.992,40,9.43,127.0
Persistencia,Train,2,9,C9 Liniers,22.02,54.96,0.8,51,51.06,553.0
XGBoost,Train,2,9,C9 Liniers,2.44,5.81,0.998,48,54.12,553.0
LSTM+aug,Train,2,9,C9 Liniers,41.37,55.3,-0.116,40,16.88,274.0
Persistencia,Train,2,10,C10 Floresta,11.47,30.03,0.785,51,26.69,274.0
XGBoost,Train,2,10,C10 Floresta,0.86,2.63,0.998,48,28.4,274.0
LSTM+aug,Train,2,10,C10 Floresta,37.47,45.41,-0.288,40,13.23,212.0
Persistencia,Train,2,11,C11 Villa del Parque,10.43,27.33,0.729,51,21.0,261.0
XGBoost,Train,2,11,C11 Villa del Parque,0.84,1.86,0.999,48,22.33,261.0
LSTM+aug,Train,2,11,C11 Villa del Parque,34.83,38.52,-0.757,40,9.4,159.0
Persistencia,Train,2,12,C12 Coghlan,2.86,7.13,0.657,51,5.0,58.0
XGBoost,Train,2,12,C12 Coghlan,0.33,0.83,0.996,48,5.42,58.0
LSTM+aug,Train,2,12,C12 Coghlan,32.4,32.89,-9.218,40,3.45,58.0
Persistencia,Train,2,13,C13 Belgrano,2.75,6.15,0.772,51,6.04,51.0
XGBoost,Train,2,13,C13 Belgrano,0.57,1.37,0.989,48,6.54,51.0
LSTM+aug,Train,2,13,C13 Belgrano,31.64,32.37,-11.134,40,3.67,47.0
Persistencia,Train,2,14,C14 Palermo,6.04,15.52,0.764,51,13.02,142.0
XGBoost,Train,2,14,C14 Palermo,0.93,3.01,0.992,48,13.94,142.0
LSTM+aug,Train,2,14,C14 Palermo,33.34,33.94,-2.455,40,6.07,93.0
Persistencia,Train,2,15,C15 Agronomía,4.9,11.51,0.665,51,8.78,84.0
XGBoost,Train,2,15,C15 Agronomía,0.52,1.29,0.996,48,9.58,84.0
LSTM+aug,Train,2,15,C15 Agronomía,32.07,32.89,-3.325,40,5.85,79.0
Persistencia,Train,3,1,C1 Puerto Madero,25.76,71.34,0.809,51,68.14,649.0
XGBoost,Train,3,1,C1 Puerto Madero,16.91,53.32,0.898,48,73.71,649.0
LSTM+aug,Train,3,1,C1 Puerto Madero,28.4,82.39,-0.135,40,28.4,425.0
Persistencia,Train,3,2,C2 Recoleta,1.39,3.18,0.755,51,2.78,26.0
XGBoost,Train,3,2,C2 Recoleta,0.63,1.25,0.964,48,3.04,26.0
LSTM+aug,Train,3,2,C2 Recoleta,1.05,3.01,-0.139,40,1.05,15.0
Persistencia,Train,3,3,C3 Balvanera,2.53,5.76,0.657,51,4.35,42.0
XGBoost,Train,3,3,C3 Balvanera,1.13,2.26,0.949,48,4.94,42.0
LSTM+aug,Train,3,3,C3 Balvanera,2.12,5.74,-0.159,40,2.12,29.0
Persistencia,Train,3,4,C4 La Boca,4.18,9.93,0.768,51,9.61,86.0
XGBoost,Train,3,4,C4 La Boca,2.18,5.49,0.932,48,10.67,86.0
LSTM+aug,Train,3,4,C4 La Boca,5.5,16.32,-0.128,40,5.5,86.0
Persistencia,Train,3,5,C5 Almagro,2.24,4.82,0.772,51,4.73,37.0
XGBoost,Train,3,5,C5 Almagro,0.94,1.82,0.969,48,5.23,37.0
LSTM+aug,Train,3,5,C5 Almagro,2.17,5.47,-0.187,40,2.17,25.0
Persistencia,Train,3,6,C6 Caballito,1.63,3.74,0.797,51,3.69,35.0
XGBoost,Train,3,6,C6 Caballito,1.57,3.98,0.779,48,4.06,35.0
LSTM+aug,Train,3,6,C6 Caballito,1.35,3.34,-0.195,40,1.35,15.0
Persistencia,Train,3,7,C7 Flores,5.96,14.29,0.85,51,16.47,140.0
XGBoost,Train,3,7,C7 Flores,3.44,8.66,0.947,48,17.42,140.0
LSTM+aug,Train,3,7,C7 Flores,6.6,20.86,-0.111,40,6.6,106.0
Persistencia,Train,3,8,C8 Lugano,7.08,15.03,0.82,51,16.04,148.0
XGBoost,Train,3,8,C8 Lugano,2.33,5.7,0.975,48,17.4,148.0
LSTM+aug,Train,3,8,C8 Lugano,6.45,18.17,-0.144,40,6.45,89.0
Persistencia,Train,3,9,C9 Liniers,22.02,54.96,0.8,51,51.06,553.0
XGBoost,Train,3,9,C9 Liniers,13.41,36.3,0.917,48,53.94,553.0
LSTM+aug,Train,3,9,C9 Liniers,10.1,33.89,-0.097,40,10.1,180.0
Persistencia,Train,3,10,C10 Floresta,11.47,30.03,0.785,51,26.69,274.0
XGBoost,Train,3,10,C10 Floresta,7.49,23.15,0.878,48,28.4,274.0
LSTM+aug,Train,3,10,C10 Floresta,7.93,25.55,-0.106,40,7.93,137.0
Persistencia,Train,3,11,C11 Villa del Parque,10.43,27.33,0.729,51,21.0,261.0
XGBoost,Train,3,11,C11 Villa del Parque,3.3,10.78,0.96,48,22.38,261.0
LSTM+aug,Train,3,11,C11 Villa del Parque,5.6,17.37,-0.116,40,5.6,91.0
Persistencia,Train,3,12,C12 Coghlan,2.86,7.13,0.657,51,5.0,58.0
XGBoost,Train,3,12,C12 Coghlan,1.52,4.06,0.893,48,5.54,58.0
LSTM+aug,Train,3,12,C12 Coghlan,2.15,5.88,-0.154,40,2.15,29.0
Persistencia,Train,3,13,C13 Belgrano,2.75,6.15,0.772,51,6.04,51.0
XGBoost,Train,3,13,C13 Belgrano,1.76,4.17,0.899,48,6.65,51.0
LSTM+aug,Train,3,13,C13 Belgrano,2.62,6.73,-0.18,40,2.62,35.0
Persistencia,Train,3,14,C14 Palermo,6.04,15.52,0.764,51,13.02,142.0
XGBoost,Train,3,14,C14 Palermo,3.97,10.66,0.894,48,14.02,142.0
LSTM+aug,Train,3,14,C14 Palermo,3.85,12.43,-0.106,40,3.85,71.0
Persistencia,Train,3,15,C15 Agronomía,4.9,11.51,0.665,51,8.78,84.0
XGBoost,Train,3,15,C15 Agronomía,2.42,6.19,0.907,48,9.75,84.0
LSTM+aug,Train,3,15,C15 Agronomía,4.07,11.4,-0.147,40,4.07,55.0
Persistencia,Train,4,1,C1 Puerto Madero,25.76,71.34,0.809,51,68.14,649.0
XGBoost,Train,4,1,C1 Puerto Madero,6.28,17.55,0.989,48,74.88,649.0
LSTM+aug,Train,4,1,C1 Puerto Madero,19.2,48.3,-0.168,40,19.35,205.0
Persistencia,Train,4,2,C2 Recoleta,1.39,3.18,0.755,51,2.78,26.0
XGBoost,Train,4,2,C2 Recoleta,0.33,0.82,0.985,48,3.04,26.0
LSTM+aug,Train,4,2,C2 Recoleta,1.22,1.75,-0.036,40,0.7,9.0
Persistencia,Train,4,3,C3 Balvanera,2.53,5.76,0.657,51,4.35,42.0
XGBoost,Train,4,3,C3 Balvanera,0.7,1.39,0.981,48,4.96,42.0
LSTM+aug,Train,4,3,C3 Balvanera,1.86,3.18,-0.018,40,1.45,16.0
Persistencia,Train,4,4,C4 La Boca,4.18,9.93,0.768,51,9.61,86.0
XGBoost,Train,4,4,C4 La Boca,1.41,3.97,0.964,48,10.92,86.0
LSTM+aug,Train,4,4,C4 La Boca,3.96,8.93,-0.099,40,3.7,40.0
Persistencia,Train,4,5,C5 Almagro,2.24,4.82,0.772,51,4.73,37.0
XGBoost,Train,4,5,C5 Almagro,0.73,1.44,0.98,48,5.25,37.0
LSTM+aug,Train,4,5,C5 Almagro,1.83,3.49,-0.025,40,1.58,18.0
Persistencia,Train,4,6,C6 Caballito,1.63,3.74,0.797,51,3.69,35.0
XGBoost,Train,4,6,C6 Caballito,0.66,1.85,0.952,48,4.1,35.0
LSTM+aug,Train,4,6,C6 Caballito,1.39,2.14,0.0,40,1.02,10.0
Persistencia,Train,4,7,C7 Flores,5.96,14.29,0.85,51,16.47,140.0
XGBoost,Train,4,7,C7 Flores,1.56,3.84,0.99,48,17.42,140.0
LSTM+aug,Train,4,7,C7 Flores,4.49,12.15,-0.067,40,4.07,55.0
Persistencia,Train,4,8,C8 Lugano,7.08,15.03,0.82,51,16.04,148.0
XGBoost,Train,4,8,C8 Lugano,1.05,2.17,0.996,48,17.58,148.0
LSTM+aug,Train,4,8,C8 Lugano,4.74,11.25,-0.104,40,4.47,50.0
Persistencia,Train,4,9,C9 Liniers,22.02,54.96,0.8,51,51.06,553.0
XGBoost,Train,4,9,C9 Liniers,7.48,20.71,0.973,48,53.56,553.0
LSTM+aug,Train,4,9,C9 Liniers,6.16,18.13,-0.071,40,5.7,81.0
Persistencia,Train,4,10,C10 Floresta,11.47,30.03,0.785,51,26.69,274.0
XGBoost,Train,4,10,C10 Floresta,4.95,16.14,0.941,48,28.4,274.0
LSTM+aug,Train,4,10,C10 Floresta,4.96,13.25,-0.076,40,4.55,56.0
Persistencia,Train,4,11,C11 Villa del Parque,10.43,27.33,0.729,51,21.0,261.0
XGBoost,Train,4,11,C11 Villa del Parque,1.64,4.77,0.992,48,22.44,261.0
LSTM+aug,Train,4,11,C11 Villa del Parque,3.96,9.51,-0.076,40,3.55,45.0
Persistencia,Train,4,12,C12 Coghlan,2.86,7.13,0.657,51,5.0,58.0
XGBoost,Train,4,12,C12 Coghlan,1.15,3.02,0.941,48,5.58,58.0
LSTM+aug,Train,4,12,C12 Coghlan,1.89,3.41,-0.018,40,1.48,15.0
Persistencia,Train,4,13,C13 Belgrano,2.75,6.15,0.772,51,6.04,51.0
XGBoost,Train,4,13,C13 Belgrano,1.16,2.79,0.955,48,6.69,51.0
LSTM+aug,Train,4,13,C13 Belgrano,1.96,3.48,-0.052,40,1.8,15.0
Persistencia,Train,4,14,C14 Palermo,6.04,15.52,0.764,51,13.02,142.0
XGBoost,Train,4,14,C14 Palermo,2.89,8.83,0.927,48,14.02,142.0
LSTM+aug,Train,4,14,C14 Palermo,2.56,5.04,-0.053,40,2.15,24.0
Persistencia,Train,4,15,C15 Agronomía,4.9,11.51,0.665,51,8.78,84.0
XGBoost,Train,4,15,C15 Agronomía,1.15,2.6,0.983,48,9.94,84.0
LSTM+aug,Train,4,15,C15 Agronomía,3.41,7.26,-0.08,40,3.0,34.0
Persistencia,Validation,0,1,C1 Puerto Madero,106.96,152.74,0.899,26,435.5,1391.0
Random Forest,Validation,0,1,C1 Puerto Madero,242.78,393.08,0.334,26,435.5,1391.0
XGBoost,Validation,0,1,C1 Puerto Madero,243.4,410.95,0.272,26,435.5,1391.0
LSTM+aug,Validation,0,1,C1 Puerto Madero,357.71,541.43,-0.332,14,369.71,1391.0
Persistencia,Validation,0,2,C2 Recoleta,4.04,5.98,0.799,26,11.88,48.0
Random Forest,Validation,0,2,C2 Recoleta,3.67,7.19,0.708,26,11.88,48.0
XGBoost,Validation,0,2,C2 Recoleta,4.32,9.12,0.532,26,11.88,48.0
LSTM+aug,Validation,0,2,C2 Recoleta,87.4,88.69,-33.607,14,12.0,48.0
Persistencia,Validation,0,3,C3 Balvanera,9.58,12.77,0.896,26,35.27,120.0
Random Forest,Validation,0,3,C3 Balvanera,7.31,11.73,0.912,26,35.27,120.0
XGBoost,Validation,0,3,C3 Balvanera,6.58,9.72,0.94,26,35.27,120.0
LSTM+aug,Validation,0,3,C3 Balvanera,71.21,78.32,-2.575,14,32.93,120.0
Persistencia,Validation,0,4,C4 La Boca,23.38,39.86,0.794,26,74.04,296.0
Random Forest,Validation,0,4,C4 La Boca,28.04,51.37,0.658,26,74.04,296.0
XGBoost,Validation,0,4,C4 La Boca,27.47,45.68,0.729,26,74.04,296.0
LSTM+aug,Validation,0,4,C4 La Boca,85.47,97.66,-0.086,14,71.93,296.0
Persistencia,Validation,0,5,C5 Almagro,9.69,15.8,0.838,26,32.15,118.0
Random Forest,Validation,0,5,C5 Almagro,10.12,17.39,0.804,26,32.15,118.0
XGBoost,Validation,0,5,C5 Almagro,8.83,15.16,0.851,26,32.15,118.0
LSTM+aug,Validation,0,5,C5 Almagro,72.5,79.68,-3.399,14,29.36,109.0
Persistencia,Validation,0,6,C6 Caballito,8.73,13.52,0.836,26,27.42,103.0
Random Forest,Validation,0,6,C6 Caballito,7.81,13.21,0.844,26,27.42,103.0
XGBoost,Validation,0,6,C6 Caballito,7.68,12.33,0.864,26,27.42,103.0
LSTM+aug,Validation,0,6,C6 Caballito,76.06,82.27,-5.371,14,23.86,103.0
Persistencia,Validation,0,7,C7 Flores,8.77,14.37,0.859,26,34.62,111.0
Random Forest,Validation,0,7,C7 Flores,7.7,11.59,0.908,26,34.62,111.0
XGBoost,Validation,0,7,C7 Flores,6.81,10.15,0.93,26,34.62,111.0
LSTM+aug,Validation,0,7,C7 Flores,72.71,79.69,-3.689,14,28.71,108.0
Persistencia,Validation,0,8,C8 Lugano,11.5,16.17,0.783,26,35.35,106.0
Random Forest,Validation,0,8,C8 Lugano,9.99,14.94,0.815,26,35.35,106.0
XGBoost,Validation,0,8,C8 Lugano,9.25,12.44,0.872,26,35.35,106.0
LSTM+aug,Validation,0,8,C8 Lugano,70.2,78.18,-3.644,14,30.14,106.0
Persistencia,Validation,0,9,C9 Liniers,5.54,8.7,0.776,26,18.19,62.0
Random Forest,Validation,0,9,C9 Liniers,5.26,9.46,0.735,26,18.19,62.0
XGBoost,Validation,0,9,C9 Liniers,6.01,10.97,0.644,26,18.19,62.0
LSTM+aug,Validation,0,9,C9 Liniers,82.26,84.47,-18.351,14,17.14,62.0
Persistencia,Validation,0,10,C10 Floresta,5.65,8.25,0.868,26,20.31,69.0
Random Forest,Validation,0,10,C10 Floresta,6.49,10.29,0.796,26,20.31,69.0
XGBoost,Validation,0,10,C10 Floresta,6.43,10.55,0.785,26,20.31,69.0
LSTM+aug,Validation,0,10,C10 Floresta,82.76,85.17,-16.865,14,16.64,60.0
Persistencia,Validation,0,11,C11 Villa del Parque,10.15,16.34,0.868,26,38.69,132.0
Random Forest,Validation,0,11,C11 Villa del Parque,9.2,17.63,0.846,26,38.69,132.0
XGBoost,Validation,0,11,C11 Villa del Parque,6.98,12.37,0.924,26,38.69,132.0
LSTM+aug,Validation,0,11,C11 Villa del Parque,78.34,82.74,-4.688,14,24.29,122.0
Persistencia,Validation,0,12,C12 Coghlan,12.15,17.61,0.85,26,35.65,153.0
Random Forest,Validation,0,12,C12 Coghlan,8.42,13.9,0.907,26,35.65,153.0
XGBoost,Validation,0,12,C12 Coghlan,8.89,15.31,0.887,26,35.65,153.0
LSTM+aug,Validation,0,12,C12 Coghlan,76.77,81.91,-4.517,14,25.29,118.0
Persistencia,Validation,0,13,C13 Belgrano,11.96,18.71,0.813,26,33.5,146.0
Random Forest,Validation,0,13,C13 Belgrano,10.15,15.7,0.868,26,33.5,146.0
XGBoost,Validation,0,13,C13 Belgrano,11.11,19.54,0.796,26,33.5,146.0
LSTM+aug,Validation,0,13,C13 Belgrano,76.77,82.82,-4.737,14,24.14,110.0
Persistencia,Validation,0,14,C14 Palermo,6.23,8.93,0.872,26,22.19,78.0
Random Forest,Validation,0,14,C14 Palermo,4.16,6.38,0.935,26,22.19,78.0
XGBoost,Validation,0,14,C14 Palermo,4.05,5.94,0.943,26,22.19,78.0
LSTM+aug,Validation,0,14,C14 Palermo,82.18,85.04,-14.163,14,17.21,67.0
Persistencia,Validation,0,15,C15 Agronomía,17.85,26.39,0.857,26,59.38,210.0
Random Forest,Validation,0,15,C15 Agronomía,12.81,19.48,0.922,26,59.38,210.0
XGBoost,Validation,0,15,C15 Agronomía,16.06,26.84,0.852,26,59.38,210.0
LSTM+aug,Validation,0,15,C15 Agronomía,75.36,80.54,-1.678,14,35.64,153.0
Persistencia,Validation,1,1,C1 Puerto Madero,106.96,152.74,0.899,26,435.5,1391.0
XGBoost,Validation,1,1,C1 Puerto Madero,309.68,475.75,0.025,26,435.31,1391.0
LSTM+aug,Validation,1,1,C1 Puerto Madero,266.7,459.22,-0.45,14,270.36,1257.0
Persistencia,Validation,1,2,C2 Recoleta,4.04,5.98,0.799,26,11.88,48.0
XGBoost,Validation,1,2,C2 Recoleta,5.23,8.25,0.622,26,11.77,48.0
LSTM+aug,Validation,1,2,C2 Recoleta,12.54,13.02,-0.273,14,8.57,34.0
Persistencia,Validation,1,3,C3 Balvanera,9.58,12.77,0.896,26,35.27,120.0
XGBoost,Validation,1,3,C3 Balvanera,11.3,16.52,0.827,26,35.12,120.0
LSTM+aug,Validation,1,3,C3 Balvanera,24.67,35.68,-0.081,14,24.36,112.0
Persistencia,Validation,1,4,C4 La Boca,23.38,39.86,0.794,26,74.04,296.0
XGBoost,Validation,1,4,C4 La Boca,29.08,44.1,0.748,26,73.88,296.0
LSTM+aug,Validation,1,4,C4 La Boca,54.73,92.65,-0.236,14,55.07,296.0
Persistencia,Validation,1,5,C5 Almagro,9.69,15.8,0.838,26,32.15,118.0
XGBoost,Validation,1,5,C5 Almagro,11.77,18.07,0.79,26,32.0,118.0
LSTM+aug,Validation,1,5,C5 Almagro,23.51,32.65,-0.05,14,21.71,109.0
Persistencia,Validation,1,6,C6 Caballito,8.73,13.52,0.836,26,27.42,103.0
XGBoost,Validation,1,6,C6 Caballito,9.65,17.54,0.726,26,27.31,103.0
LSTM+aug,Validation,1,6,C6 Caballito,19.39,24.6,-0.006,14,16.5,83.0
Persistencia,Validation,1,7,C7 Flores,8.77,14.37,0.859,26,34.62,111.0
XGBoost,Validation,1,7,C7 Flores,13.29,21.11,0.696,26,34.54,111.0
LSTM+aug,Validation,1,7,C7 Flores,22.03,30.75,-0.045,14,21.0,105.0
Persistencia,Validation,1,8,C8 Lugano,11.5,16.17,0.783,26,35.35,106.0
XGBoost,Validation,1,8,C8 Lugano,13.67,21.35,0.626,26,35.15,106.0
LSTM+aug,Validation,1,8,C8 Lugano,23.89,31.25,-0.07,14,22.57,81.0
Persistencia,Validation,1,9,C9 Liniers,5.54,8.7,0.776,26,18.19,62.0
XGBoost,Validation,1,9,C9 Liniers,16.08,27.73,-1.273,26,18.19,62.0
LSTM+aug,Validation,1,9,C9 Liniers,15.24,18.01,-0.001,14,13.93,62.0
Persistencia,Validation,1,10,C10 Floresta,5.65,8.25,0.868,26,20.31,69.0
XGBoost,Validation,1,10,C10 Floresta,19.85,34.6,-1.298,26,20.23,69.0
LSTM+aug,Validation,1,10,C10 Floresta,14.67,16.68,-0.018,14,12.36,50.0
Persistencia,Validation,1,11,C11 Villa del Parque,10.15,16.34,0.868,26,38.69,132.0
XGBoost,Validation,1,11,C11 Villa del Parque,14.73,24.42,0.705,26,38.58,132.0
LSTM+aug,Validation,1,11,C11 Villa del Parque,18.17,22.1,-0.002,14,15.57,68.0
Persistencia,Validation,1,12,C12 Coghlan,12.15,17.61,0.85,26,35.65,153.0
XGBoost,Validation,1,12,C12 Coghlan,14.48,23.28,0.739,26,35.54,153.0
LSTM+aug,Validation,1,12,C12 Coghlan,19.03,24.12,-0.009,14,16.86,81.0
Persistencia,Validation,1,13,C13 Belgrano,11.96,18.71,0.813,26,33.5,146.0
XGBoost,Validation,1,13,C13 Belgrano,14.08,24.72,0.674,26,33.46,146.0
LSTM+aug,Validation,1,13,C13 Belgrano,19.83,25.53,-0.004,14,16.29,88.0
Persistencia,Validation,1,14,C14 Palermo,6.23,8.93,0.872,26,22.19,78.0
XGBoost,Validation,1,14,C14 Palermo,8.28,13.24,0.719,26,22.19,78.0
LSTM+aug,Validation,1,14,C14 Palermo,15.54,17.4,-0.016,14,12.43,53.0
Persistencia,Validation,1,15,C15 Agronomía,17.85,26.39,0.857,26,59.38,210.0
XGBoost,Validation,1,15,C15 Agronomía,20.24,34.0,0.764,26,59.19,210.0
LSTM+aug,Validation,1,15,C15 Agronomía,25.74,38.88,-0.073,14,24.71,127.0
Persistencia,Validation,2,1,C1 Puerto Madero,106.96,152.74,0.899,26,435.5,1391.0
XGBoost,Validation,2,1,C1 Puerto Madero,344.92,526.07,-0.187,26,434.04,1391.0
LSTM+aug,Validation,2,1,C1 Puerto Madero,181.38,307.21,-0.291,14,180.57,810.0
Persistencia,Validation,2,2,C2 Recoleta,4.04,5.98,0.799,26,11.88,48.0
XGBoost,Validation,2,2,C2 Recoleta,5.77,9.63,0.491,26,11.65,48.0
LSTM+aug,Validation,2,2,C2 Recoleta,28.54,30.02,-9.428,14,6.14,27.0
Persistencia,Validation,2,3,C3 Balvanera,9.58,12.77,0.896,26,35.27,120.0
XGBoost,Validation,2,3,C3 Balvanera,20.62,34.68,0.245,26,34.85,120.0
LSTM+aug,Validation,2,3,C3 Balvanera,28.89,30.72,-0.553,14,16.36,82.0
Persistencia,Validation,2,4,C4 La Boca,23.38,39.86,0.794,26,74.04,296.0
XGBoost,Validation,2,4,C4 La Boca,50.02,80.82,0.161,26,73.42,296.0
LSTM+aug,Validation,2,4,C4 La Boca,43.51,50.69,-0.0,14,33.93,151.0
Persistencia,Validation,2,5,C5 Almagro,9.69,15.8,0.838,26,32.15,118.0
XGBoost,Validation,2,5,C5 Almagro,18.0,32.15,0.338,26,31.88,118.0
LSTM+aug,Validation,2,5,C5 Almagro,28.32,29.59,-0.969,14,13.93,57.0
Persistencia,Validation,2,6,C6 Caballito,8.73,13.52,0.836,26,27.42,103.0
XGBoost,Validation,2,6,C6 Caballito,17.54,28.67,0.274,26,27.15,103.0
LSTM+aug,Validation,2,6,C6 Caballito,26.63,29.18,-2.153,14,10.57,52.0
Persistencia,Validation,2,7,C7 Flores,8.77,14.37,0.859,26,34.62,111.0
XGBoost,Validation,2,7,C7 Flores,15.44,26.5,0.524,26,34.42,111.0
LSTM+aug,Validation,2,7,C7 Flores,27.18,28.72,-1.193,14,13.5,55.0
Persistencia,Validation,2,8,C8 Lugano,11.5,16.17,0.783,26,35.35,106.0
XGBoost,Validation,2,8,C8 Lugano,17.11,25.85,0.461,26,34.81,106.0
LSTM+aug,Validation,2,8,C8 Lugano,29.61,31.5,-0.477,14,16.79,81.0
Persistencia,Validation,2,9,C9 Liniers,5.54,8.7,0.776,26,18.19,62.0
XGBoost,Validation,2,9,C9 Liniers,15.68,30.96,-1.822,26,18.15,62.0
LSTM+aug,Validation,2,9,C9 Liniers,25.19,28.06,-4.143,14,9.5,32.0
Persistencia,Validation,2,10,C10 Floresta,5.65,8.25,0.868,26,20.31,69.0
XGBoost,Validation,2,10,C10 Floresta,15.29,26.31,-0.325,26,20.19,69.0
LSTM+aug,Validation,2,10,C10 Floresta,26.8,29.0,-3.942,14,8.79,41.0
Persistencia,Validation,2,11,C11 Villa del Parque,10.15,16.34,0.868,26,38.69,132.0
XGBoost,Validation,2,11,C11 Villa del Parque,17.1,28.78,0.593,26,38.46,132.0
LSTM+aug,Validation,2,11,C11 Villa del Parque,26.92,29.32,-2.016,14,10.71,52.0
Persistencia,Validation,2,12,C12 Coghlan,12.15,17.61,0.85,26,35.65,153.0
XGBoost,Validation,2,12,C12 Coghlan,21.47,38.26,0.299,26,35.38,153.0
LSTM+aug,Validation,2,12,C12 Coghlan,26.13,28.76,-2.068,14,11.07,48.0
Persistencia,Validation,2,13,C13 Belgrano,11.96,18.71,0.813,26,33.5,146.0
XGBoost,Validation,2,13,C13 Belgrano,20.6,35.15,0.345,26,33.23,146.0
LSTM+aug,Validation,2,13,C13 Belgrano,27.11,29.5,-2.333,14,10.0,45.0
Persistencia,Validation,2,14,C14 Palermo,6.23,8.93,0.872,26,22.19,78.0
XGBoost,Validation,2,14,C14 Palermo,9.62,15.79,0.605,26,22.0,78.0
LSTM+aug,Validation,2,14,C14 Palermo,26.52,29.25,-3.827,14,8.64,38.0
Persistencia,Validation,2,15,C15 Agronomía,17.85,26.39,0.857,26,59.38,210.0
XGBoost,Validation,2,15,C15 Agronomía,38.13,63.49,0.182,26,58.92,210.0
LSTM+aug,Validation,2,15,C15 Agronomía,30.03,31.4,-0.582,14,15.64,78.0
Persistencia,Validation,3,1,C1 Puerto Madero,106.96,152.74,0.899,26,435.5,1391.0
XGBoost,Validation,3,1,C1 Puerto Madero,321.54,494.75,-0.044,26,432.46,1391.0
LSTM+aug,Validation,3,1,C1 Puerto Madero,122.71,242.57,-0.344,14,122.71,651.0
Persistencia,Validation,3,2,C2 Recoleta,4.04,5.98,0.799,26,11.88,48.0
XGBoost,Validation,3,2,C2 Recoleta,5.1,7.81,0.665,26,11.65,48.0
LSTM+aug,Validation,3,2,C2 Recoleta,4.21,8.49,-0.327,14,4.21,25.0
Persistencia,Validation,3,3,C3 Balvanera,9.58,12.77,0.896,26,35.27,120.0
XGBoost,Validation,3,3,C3 Balvanera,16.56,27.35,0.534,26,34.62,120.0
LSTM+aug,Validation,3,3,C3 Balvanera,10.5,19.87,-0.387,14,10.5,54.0
Persistencia,Validation,3,4,C4 La Boca,23.38,39.86,0.794,26,74.04,296.0
XGBoost,Validation,3,4,C4 La Boca,46.62,78.22,0.219,26,73.12,296.0
LSTM+aug,Validation,3,4,C4 La Boca,23.14,45.73,-0.344,14,23.14,112.0
Persistencia,Validation,3,5,C5 Almagro,9.69,15.8,0.838,26,32.15,118.0
XGBoost,Validation,3,5,C5 Almagro,14.52,26.19,0.562,26,31.77,118.0
LSTM+aug,Validation,3,5,C5 Almagro,10.07,20.75,-0.308,14,10.07,57.0
Persistencia,Validation,3,6,C6 Caballito,8.73,13.52,0.836,26,27.42,103.0
XGBoost,Validation,3,6,C6 Caballito,13.48,23.99,0.492,26,27.12,103.0
LSTM+aug,Validation,3,6,C6 Caballito,6.86,13.74,-0.332,14,6.86,35.0
Persistencia,Validation,3,7,C7 Flores,8.77,14.37,0.859,26,34.62,111.0
XGBoost,Validation,3,7,C7 Flores,11.85,18.96,0.757,26,34.31,111.0
LSTM+aug,Validation,3,7,C7 Flores,9.57,18.5,-0.365,14,9.57,47.0
Persistencia,Validation,3,8,C8 Lugano,11.5,16.17,0.783,26,35.35,106.0
XGBoost,Validation,3,8,C8 Lugano,11.15,18.01,0.742,26,34.5,106.0
LSTM+aug,Validation,3,8,C8 Lugano,11.0,22.02,-0.332,14,11.0,64.0
Persistencia,Validation,3,9,C9 Liniers,5.54,8.7,0.776,26,18.19,62.0
XGBoost,Validation,3,9,C9 Liniers,12.83,26.7,-1.075,26,18.04,62.0
LSTM+aug,Validation,3,9,C9 Liniers,7.21,13.05,-0.44,14,7.21,32.0
Persistencia,Validation,3,10,C10 Floresta,5.65,8.25,0.868,26,20.31,69.0
XGBoost,Validation,3,10,C10 Floresta,13.72,21.14,0.145,26,20.19,69.0
LSTM+aug,Validation,3,10,C10 Floresta,5.86,11.28,-0.369,14,5.86,32.0
Persistencia,Validation,3,11,C11 Villa del Parque,10.15,16.34,0.868,26,38.69,132.0
XGBoost,Validation,3,11,C11 Villa del Parque,15.59,24.41,0.709,26,38.19,132.0
LSTM+aug,Validation,3,11,C11 Villa del Parque,7.0,14.38,-0.311,14,7.0,38.0
Persistencia,Validation,3,12,C12 Coghlan,12.15,17.61,0.85,26,35.65,153.0
XGBoost,Validation,3,12,C12 Coghlan,18.99,34.96,0.419,26,35.15,153.0
LSTM+aug,Validation,3,12,C12 Coghlan,7.64,15.09,-0.345,14,7.64,39.0
Persistencia,Validation,3,13,C13 Belgrano,11.96,18.71,0.813,26,33.5,146.0
XGBoost,Validation,3,13,C13 Belgrano,16.35,29.34,0.547,26,33.04,146.0
LSTM+aug,Validation,3,13,C13 Belgrano,7.21,15.89,-0.26,14,7.21,45.0
Persistencia,Validation,3,14,C14 Palermo,6.23,8.93,0.872,26,22.19,78.0
XGBoost,Validation,3,14,C14 Palermo,7.67,12.25,0.765,26,21.85,78.0
LSTM+aug,Validation,3,14,C14 Palermo,5.93,12.2,-0.309,14,5.93,33.0
Persistencia,Validation,3,15,C15 Agronomía,17.85,26.39,0.857,26,59.38,210.0
XGBoost,Validation,3,15,C15 Agronomía,30.21,52.43,0.446,26,58.62,210.0
LSTM+aug,Validation,3,15,C15 Agronomía,11.14,24.18,-0.27,14,11.14,78.0
Persistencia,Validation,4,1,C1 Puerto Madero,106.96,152.74,0.899,26,435.5,1391.0
XGBoost,Validation,4,1,C1 Puerto Madero,350.15,539.22,-0.23,26,430.04,1391.0
LSTM+aug,Validation,4,1,C1 Puerto Madero,76.07,168.56,-0.248,14,76.21,503.0
Persistencia,Validation,4,2,C2 Recoleta,4.04,5.98,0.799,26,11.88,48.0
XGBoost,Validation,4,2,C2 Recoleta,7.77,13.19,0.05,26,11.62,48.0
LSTM+aug,Validation,4,2,C2 Recoleta,2.44,4.85,-0.092,14,2.43,18.0
Persistencia,Validation,4,3,C3 Balvanera,9.58,12.77,0.896,26,35.27,120.0
XGBoost,Validation,4,3,C3 Balvanera,25.61,41.9,-0.089,26,34.54,120.0
LSTM+aug,Validation,4,3,C3 Balvanera,6.79,13.19,-0.221,14,6.64,42.0
Persistencia,Validation,4,4,C4 La Boca,23.38,39.86,0.794,26,74.04,296.0
XGBoost,Validation,4,4,C4 La Boca,56.24,94.86,-0.139,26,72.58,296.0
LSTM+aug,Validation,4,4,C4 La Boca,15.72,35.04,-0.203,14,15.43,112.0
Persistencia,Validation,4,5,C5 Almagro,9.69,15.8,0.838,26,32.15,118.0
XGBoost,Validation,4,5,C5 Almagro,23.3,40.03,-0.021,26,31.73,118.0
LSTM+aug,Validation,4,5,C5 Almagro,6.44,13.68,-0.153,14,6.0,46.0
Persistencia,Validation,4,6,C6 Caballito,8.73,13.52,0.836,26,27.42,103.0
XGBoost,Validation,4,6,C6 Caballito,20.32,33.9,-0.01,26,27.04,103.0
LSTM+aug,Validation,4,6,C6 Caballito,5.01,10.76,-0.133,14,4.71,35.0
Persistencia,Validation,4,7,C7 Flores,8.77,14.37,0.859,26,34.62,111.0
XGBoost,Validation,4,7,C7 Flores,22.29,35.53,0.155,26,34.12,111.0
LSTM+aug,Validation,4,7,C7 Flores,6.72,13.85,-0.18,14,6.43,47.0
Persistencia,Validation,4,8,C8 Lugano,11.5,16.17,0.783,26,35.35,106.0
XGBoost,Validation,4,8,C8 Lugano,19.84,31.42,0.229,26,34.12,106.0
LSTM+aug,Validation,4,8,C8 Lugano,6.58,13.43,-0.193,14,6.43,41.0
Persistencia,Validation,4,9,C9 Liniers,5.54,8.7,0.776,26,18.19,62.0
XGBoost,Validation,4,9,C9 Liniers,16.55,41.39,-3.915,26,17.88,62.0
LSTM+aug,Validation,4,9,C9 Liniers,5.08,9.38,-0.209,14,4.93,26.0
Persistencia,Validation,4,10,C10 Floresta,5.65,8.25,0.868,26,20.31,69.0
XGBoost,Validation,4,10,C10 Floresta,11.34,19.12,0.304,26,20.12,69.0
LSTM+aug,Validation,4,10,C10 Floresta,3.86,6.92,-0.157,14,3.57,20.0
Persistencia,Validation,4,11,C11 Villa del Parque,10.15,16.34,0.868,26,38.69,132.0
XGBoost,Validation,4,11,C11 Villa del Parque,22.23,35.21,0.403,26,37.85,132.0
LSTM+aug,Validation,4,11,C11 Villa del Parque,4.58,9.79,-0.125,14,4.29,34.0
Persistencia,Validation,4,12,C12 Coghlan,12.15,17.61,0.85,26,35.65,153.0
XGBoost,Validation,4,12,C12 Coghlan,26.68,46.53,-0.027,26,35.08,153.0
LSTM+aug,Validation,4,12,C12 Coghlan,5.15,10.49,-0.154,14,4.86,34.0
Persistencia,Validation,4,13,C13 Belgrano,11.96,18.71,0.813,26,33.5,146.0
XGBoost,Validation,4,13,C13 Belgrano,24.0,42.45,0.053,26,32.96,146.0
LSTM+aug,Validation,4,13,C13 Belgrano,4.3,10.04,-0.096,14,4.0,37.0
Persistencia,Validation,4,14,C14 Palermo,6.23,8.93,0.872,26,22.19,78.0
XGBoost,Validation,4,14,C14 Palermo,13.99,22.4,0.219,26,21.73,78.0
LSTM+aug,Validation,4,14,C14 Palermo,3.87,8.05,-0.111,14,3.57,28.0
Persistencia,Validation,4,15,C15 Agronomía,17.85,26.39,0.857,26,59.38,210.0
XGBoost,Validation,4,15,C15 Agronomía,42.79,69.26,0.042,26,58.15,210.0
LSTM+aug,Validation,4,15,C15 Agronomía,5.87,11.82,-0.174,14,5.57,40.0
Persistencia,Test,0,1,C1 Puerto Madero,0.22,0.52,-0.484,78,0.15,2.0
Random Forest,Test,0,1,C1 Puerto Madero,1.05,2.3,-28.142,78,0.15,2.0
XGBoost,Test,0,1,C1 Puerto Madero,0.51,0.68,-1.578,78,0.15,2.0
LSTM+aug,Test,0,1,C1 Puerto Madero,99.22,99.22,-47017.777,66,0.18,2.0
Persistencia,Test,0,2,C2 Recoleta,0.08,0.28,-1.08,78,0.04,1.0
Random Forest,Test,0,2,C2 Recoleta,0.93,2.34,-146.908,78,0.04,1.0
XGBoost,Test,0,2,C2 Recoleta,0.27,0.46,-4.656,78,0.04,1.0
LSTM+aug,Test,0,2,C2 Recoleta,99.35,99.35,-227503.5,66,0.05,1.0
Persistencia,Test,0,3,C3 Balvanera,0.15,0.45,-0.19,78,0.14,2.0
Random Forest,Test,0,3,C3 Balvanera,0.87,2.19,-26.841,78,0.14,2.0
XGBoost,Test,0,3,C3 Balvanera,0.25,0.4,0.068,78,0.14,2.0
LSTM+aug,Test,0,3,C3 Balvanera,99.23,99.23,-49359.395,66,0.17,2.0
Persistencia,Test,0,4,C4 La Boca,0.13,0.53,-1.06,78,0.06,3.0
Random Forest,Test,0,4,C4 La Boca,0.95,2.31,-38.018,78,0.06,3.0
XGBoost,Test,0,4,C4 La Boca,0.35,0.55,-1.205,78,0.06,3.0
LSTM+aug,Test,0,4,C4 La Boca,99.32,99.32,-61300.91,66,0.08,3.0
Persistencia,Test,0,5,C5 Almagro,0.1,0.32,-1.108,78,0.05,1.0
Random Forest,Test,0,5,C5 Almagro,0.88,2.29,-106.45,78,0.05,1.0
XGBoost,Test,0,5,C5 Almagro,0.25,0.44,-2.957,78,0.05,1.0
LSTM+aug,Test,0,5,C5 Almagro,99.34,99.34,-173326.828,66,0.06,1.0
Persistencia,Test,0,6,C6 Caballito,0.08,0.32,0.229,78,0.09,2.0
Random Forest,Test,0,6,C6 Caballito,0.88,2.23,-36.48,78,0.09,2.0
XGBoost,Test,0,6,C6 Caballito,0.23,0.43,-0.389,78,0.09,2.0
LSTM+aug,Test,0,6,C6 Caballito,99.29,99.29,-63435.332,66,0.11,2.0
Persistencia,Test,0,7,C7 Flores,0.1,0.36,-0.497,78,0.06,2.0
Random Forest,Test,0,7,C7 Flores,0.97,2.39,-65.852,78,0.06,2.0
XGBoost,Test,0,7,C7 Flores,0.29,0.58,-2.97,78,0.06,2.0
LSTM+aug,Test,0,7,C7 Flores,99.32,99.32,-98333.953,66,0.08,2.0
Persistencia,Test,0,8,C8 Lugano,0.08,0.28,-0.282,78,0.06,1.0
Random Forest,Test,0,8,C8 Lugano,0.98,2.51,-104.28,78,0.06,1.0
XGBoost,Test,0,8,C8 Lugano,0.33,0.55,-4.012,78,0.06,1.0
LSTM+aug,Test,0,8,C8 Lugano,99.32,99.32,-140891.594,66,0.08,1.0
Persistencia,Test,0,9,C9 Liniers,0.08,0.36,0.241,78,0.1,2.0
Random Forest,Test,0,9,C9 Liniers,0.95,2.44,-34.264,78,0.1,2.0
XGBoost,Test,0,9,C9 Liniers,0.29,0.54,-0.751,78,0.1,2.0
LSTM+aug,Test,0,9,C9 Liniers,99.28,99.28,-49921.648,66,0.12,2.0
Persistencia,Test,0,10,C10 Floresta,0.18,0.6,-0.496,78,0.13,3.0
Random Forest,Test,0,10,C10 Floresta,0.94,2.43,-23.603,78,0.13,3.0
XGBoost,Test,0,10,C10 Floresta,0.35,0.83,-1.904,78,0.13,3.0
LSTM+aug,Test,0,10,C10 Floresta,99.25,99.25,-35169.191,66,0.15,3.0
Persistencia,Test,0,11,C11 Villa del Parque,0.74,2.22,0.272,78,0.92,17.0
Random Forest,Test,0,11,C11 Villa del Parque,1.28,3.5,-0.815,78,0.92,17.0
XGBoost,Test,0,11,C11 Villa del Parque,0.7,1.7,0.572,78,0.92,17.0
LSTM+aug,Test,0,11,C11 Villa del Parque,98.31,98.35,-1237.449,66,1.09,17.0
Persistencia,Test,0,12,C12 Coghlan,0.15,0.48,0.107,78,0.15,3.0
Random Forest,Test,0,12,C12 Coghlan,1.0,2.39,-21.151,78,0.15,3.0
XGBoost,Test,0,12,C12 Coghlan,0.37,0.78,-1.37,78,0.15,3.0
LSTM+aug,Test,0,12,C12 Coghlan,99.22,99.22,-32783.035,66,0.18,3.0
Persistencia,Test,0,13,C13 Belgrano,0.13,0.36,-0.569,78,0.09,1.0
Random Forest,Test,0,13,C13 Belgrano,0.98,2.44,-71.834,78,0.09,1.0
XGBoost,Test,0,13,C13 Belgrano,0.32,0.58,-3.181,78,0.09,1.0
LSTM+aug,Test,0,13,C13 Belgrano,99.29,99.29,-103984.797,66,0.11,1.0
Persistencia,Test,0,14,C14 Palermo,0.15,0.45,-1.122,78,0.08,2.0
Random Forest,Test,0,14,C14 Palermo,1.0,2.54,-65.952,78,0.08,2.0
XGBoost,Test,0,14,C14 Palermo,0.35,0.71,-4.238,78,0.08,2.0
LSTM+aug,Test,0,14,C14 Palermo,99.31,99.31,-87314.688,66,0.09,2.0
Persistencia,Test,0,15,C15 Agronomía,0.21,0.64,-0.645,78,0.14,3.0
Random Forest,Test,0,15,C15 Agronomía,0.95,2.36,-21.415,78,0.14,3.0
XGBoost,Test,0,15,C15 Agronomía,0.33,0.63,-0.568,78,0.14,3.0
LSTM+aug,Test,0,15,C15 Agronomía,99.23,99.23,-33907.75,66,0.17,3.0
Persistencia,Test,1,1,C1 Puerto Madero,0.22,0.52,-0.484,78,0.15,2.0
XGBoost,Test,1,1,C1 Puerto Madero,1.35,2.83,-42.797,77,0.16,2.0
LSTM+aug,Test,1,1,C1 Puerto Madero,14.42,14.43,-980.424,65,0.18,2.0
Persistencia,Test,1,2,C2 Recoleta,0.08,0.28,-1.08,78,0.04,1.0
XGBoost,Test,1,2,C2 Recoleta,0.6,1.32,-45.434,77,0.04,1.0
LSTM+aug,Test,1,2,C2 Recoleta,14.56,14.56,-4814.04,65,0.05,1.0
Persistencia,Test,1,3,C3 Balvanera,0.15,0.45,-0.19,78,0.14,2.0
XGBoost,Test,1,3,C3 Balvanera,0.67,1.54,-12.651,77,0.14,2.0
LSTM+aug,Test,1,3,C3 Balvanera,14.43,14.44,-1030.837,65,0.17,2.0
Persistencia,Test,1,4,C4 La Boca,0.13,0.53,-1.06,78,0.06,3.0
XGBoost,Test,1,4,C4 La Boca,0.8,1.77,-21.638,77,0.06,3.0
LSTM+aug,Test,1,4,C4 La Boca,14.53,14.53,-1292.218,65,0.08,3.0
Persistencia,Test,1,5,C5 Almagro,0.1,0.32,-1.108,78,0.05,1.0
XGBoost,Test,1,5,C5 Almagro,0.63,1.4,-38.668,77,0.05,1.0
LSTM+aug,Test,1,5,C5 Almagro,14.54,14.54,-3661.967,65,0.06,1.0
Persistencia,Test,1,6,C6 Caballito,0.08,0.32,0.229,78,0.09,2.0
XGBoost,Test,1,6,C6 Caballito,0.85,2.09,-31.518,77,0.09,2.0
LSTM+aug,Test,1,6,C6 Caballito,14.5,14.5,-1333.119,65,0.11,2.0
Persistencia,Test,1,7,C7 Flores,0.1,0.36,-0.497,78,0.06,2.0
XGBoost,Test,1,7,C7 Flores,0.86,2.09,-49.45,77,0.06,2.0
LSTM+aug,Test,1,7,C7 Flores,14.53,14.53,-2073.559,65,0.08,2.0
Persistencia,Test,1,8,C8 Lugano,0.08,0.28,-0.282,78,0.06,1.0
XGBoost,Test,1,8,C8 Lugano,0.86,1.93,-60.365,77,0.06,1.0
LSTM+aug,Test,1,8,C8 Lugano,14.53,14.53,-2972.101,65,0.08,1.0
Persistencia,Test,1,9,C9 Liniers,0.08,0.36,0.241,78,0.1,2.0
XGBoost,Test,1,9,C9 Liniers,0.94,2.41,-32.839,77,0.1,2.0
LSTM+aug,Test,1,9,C9 Liniers,14.48,14.49,-1047.25,65,0.12,2.0
Persistencia,Test,1,10,C10 Floresta,0.18,0.6,-0.496,78,0.13,3.0
XGBoost,Test,1,10,C10 Floresta,1.15,2.95,-34.873,77,0.13,3.0
LSTM+aug,Test,1,10,C10 Floresta,14.45,14.46,-735.177,65,0.15,3.0
Persistencia,Test,1,11,C11 Villa del Parque,0.74,2.22,0.272,78,0.92,17.0
XGBoost,Test,1,11,C11 Villa del Parque,1.6,4.24,-1.624,77,0.94,17.0
LSTM+aug,Test,1,11,C11 Villa del Parque,13.57,13.79,-23.024,65,1.11,17.0
Persistencia,Test,1,12,C12 Coghlan,0.15,0.48,0.107,78,0.15,3.0
XGBoost,Test,1,12,C12 Coghlan,0.9,2.23,-18.017,77,0.16,3.0
LSTM+aug,Test,1,12,C12 Coghlan,14.42,14.43,-683.095,65,0.18,3.0
Persistencia,Test,1,13,C13 Belgrano,0.13,0.36,-0.569,78,0.09,1.0
XGBoost,Test,1,13,C13 Belgrano,0.93,2.07,-50.764,77,0.09,1.0
LSTM+aug,Test,1,13,C13 Belgrano,14.5,14.5,-2186.841,65,0.11,1.0
Persistencia,Test,1,14,C14 Palermo,0.15,0.45,-1.122,78,0.08,2.0
XGBoost,Test,1,14,C14 Palermo,0.96,2.17,-47.218,77,0.08,2.0
LSTM+aug,Test,1,14,C14 Palermo,14.51,14.52,-1838.312,65,0.09,2.0
Persistencia,Test,1,15,C15 Agronomía,0.21,0.64,-0.645,78,0.14,3.0
XGBoost,Test,1,15,C15 Agronomía,1.06,2.49,-23.598,77,0.14,3.0
LSTM+aug,Test,1,15,C15 Agronomía,14.43,14.44,-707.665,65,0.17,3.0
Persistencia,Test,2,1,C1 Puerto Madero,0.22,0.52,-0.484,78,0.15,2.0
XGBoost,Test,2,1,C1 Puerto Madero,4.4,10.77,-624.54,76,0.16,2.0
LSTM+aug,Test,2,1,C1 Puerto Madero,34.5,34.5,-5539.425,64,0.19,2.0
Persistencia,Test,2,2,C2 Recoleta,0.08,0.28,-1.08,78,0.04,1.0
XGBoost,Test,2,2,C2 Recoleta,0.91,2.07,-112.464,76,0.04,1.0
LSTM+aug,Test,2,2,C2 Recoleta,34.64,34.64,-26855.283,64,0.05,1.0
Persistencia,Test,2,3,C3 Balvanera,0.15,0.45,-0.19,78,0.14,2.0
XGBoost,Test,2,3,C3 Balvanera,1.3,2.91,-47.147,76,0.14,2.0
LSTM+aug,Test,2,3,C3 Balvanera,34.51,34.52,-5815.389,64,0.17,2.0
Persistencia,Test,2,4,C4 La Boca,0.13,0.53,-1.06,78,0.06,3.0
XGBoost,Test,2,4,C4 La Boca,1.61,3.58,-90.318,76,0.07,3.0
LSTM+aug,Test,2,4,C4 La Boca,34.61,34.61,-7224.82,64,0.08,3.0
Persistencia,Test,2,5,C5 Almagro,0.1,0.32,-1.108,78,0.05,1.0
XGBoost,Test,2,5,C5 Almagro,1.28,2.98,-176.752,76,0.05,1.0
LSTM+aug,Test,2,5,C5 Almagro,34.62,34.62,-20458.684,64,0.06,1.0
Persistencia,Test,2,6,C6 Caballito,0.08,0.32,0.229,78,0.09,2.0
XGBoost,Test,2,6,C6 Caballito,1.32,3.19,-73.699,76,0.09,2.0
LSTM+aug,Test,2,6,C6 Caballito,34.58,34.58,-7476.027,64,0.11,2.0
Persistencia,Test,2,7,C7 Flores,0.1,0.36,-0.497,78,0.06,2.0
XGBoost,Test,2,7,C7 Flores,1.79,4.25,-205.058,76,0.07,2.0
LSTM+aug,Test,2,7,C7 Flores,34.61,34.61,-11597.29,64,0.08,2.0
Persistencia,Test,2,8,C8 Lugano,0.08,0.28,-0.282,78,0.06,1.0
XGBoost,Test,2,8,C8 Lugano,2.16,5.18,-436.298,76,0.07,1.0
LSTM+aug,Test,2,8,C8 Lugano,34.61,34.61,-16629.334,64,0.08,1.0
Persistencia,Test,2,9,C9 Liniers,0.08,0.36,0.241,78,0.1,2.0
XGBoost,Test,2,9,C9 Liniers,3.21,8.77,-443.248,76,0.11,2.0
LSTM+aug,Test,2,9,C9 Liniers,34.56,34.56,-5880.256,64,0.12,2.0
Persistencia,Test,2,10,C10 Floresta,0.18,0.6,-0.496,78,0.13,3.0
XGBoost,Test,2,10,C10 Floresta,2.97,7.91,-253.314,76,0.13,3.0
LSTM+aug,Test,2,10,C10 Floresta,34.53,34.53,-4138.585,64,0.16,3.0
Persistencia,Test,2,11,C11 Villa del Parque,0.74,2.22,0.272,78,0.92,17.0
XGBoost,Test,2,11,C11 Villa del Parque,2.41,6.56,-5.228,76,0.95,17.0
LSTM+aug,Test,2,11,C11 Villa del Parque,33.56,33.68,-140.514,64,1.12,17.0
Persistencia,Test,2,12,C12 Coghlan,0.15,0.48,0.107,78,0.15,3.0
XGBoost,Test,2,12,C12 Coghlan,1.27,3.28,-39.764,76,0.16,3.0
LSTM+aug,Test,2,12,C12 Coghlan,34.5,34.5,-3856.562,64,0.19,3.0
Persistencia,Test,2,13,C13 Belgrano,0.13,0.36,-0.569,78,0.09,1.0
XGBoost,Test,2,13,C13 Belgrano,1.54,3.42,-139.137,76,0.09,1.0
LSTM+aug,Test,2,13,C13 Belgrano,34.58,34.58,-12272.677,64,0.11,1.0
Persistencia,Test,2,14,C14 Palermo,0.15,0.45,-1.122,78,0.08,2.0
XGBoost,Test,2,14,C14 Palermo,1.63,3.89,-151.509,76,0.08,2.0
LSTM+aug,Test,2,14,C14 Palermo,34.59,34.59,-10296.691,64,0.09,2.0
Persistencia,Test,2,15,C15 Agronomía,0.21,0.64,-0.645,78,0.14,3.0
XGBoost,Test,2,15,C15 Agronomía,1.67,3.92,-59.028,76,0.14,3.0
LSTM+aug,Test,2,15,C15 Agronomía,34.51,34.52,-3989.461,64,0.17,3.0
Persistencia,Test,3,1,C1 Puerto Madero,0.22,0.52,-0.484,78,0.15,2.0
XGBoost,Test,3,1,C1 Puerto Madero,5.69,12.35,-811.977,75,0.16,2.0
LSTM+aug,Test,3,1,C1 Puerto Madero,0.17,0.49,-0.147,63,0.17,2.0
Persistencia,Test,3,2,C2 Recoleta,0.08,0.28,-1.08,78,0.04,1.0
XGBoost,Test,3,2,C2 Recoleta,1.2,2.77,-198.199,75,0.04,1.0
LSTM+aug,Test,3,2,C2 Recoleta,0.05,0.22,-0.05,63,0.05,1.0
Persistencia,Test,3,3,C3 Balvanera,0.15,0.45,-0.19,78,0.14,2.0
XGBoost,Test,3,3,C3 Balvanera,1.86,4.29,-101.91,75,0.15,2.0
LSTM+aug,Test,3,3,C3 Balvanera,0.17,0.49,-0.147,63,0.17,2.0
Persistencia,Test,3,4,C4 La Boca,0.13,0.53,-1.06,78,0.06,3.0
XGBoost,Test,3,4,C4 La Boca,2.41,5.28,-194.868,75,0.07,3.0
LSTM+aug,Test,3,4,C4 La Boca,0.08,0.42,-0.037,63,0.08,3.0
Persistencia,Test,3,5,C5 Almagro,0.1,0.32,-1.108,78,0.05,1.0
XGBoost,Test,3,5,C5 Almagro,1.9,4.29,-363.303,75,0.05,1.0
LSTM+aug,Test,3,5,C5 Almagro,0.06,0.25,-0.068,63,0.06,1.0
Persistencia,Test,3,6,C6 Caballito,0.08,0.32,0.229,78,0.09,2.0
XGBoost,Test,3,6,C6 Caballito,1.94,4.54,-148.456,75,0.09,2.0
LSTM+aug,Test,3,6,C6 Caballito,0.11,0.42,-0.076,63,0.11,2.0
Persistencia,Test,3,7,C7 Flores,0.1,0.36,-0.497,78,0.06,2.0
XGBoost,Test,3,7,C7 Flores,2.7,6.38,-456.313,75,0.07,2.0
LSTM+aug,Test,3,7,C7 Flores,0.08,0.33,-0.06,63,0.08,2.0
Persistencia,Test,3,8,C8 Lugano,0.08,0.28,-0.282,78,0.06,1.0
XGBoost,Test,3,8,C8 Lugano,2.76,6.48,-672.914,75,0.07,1.0
LSTM+aug,Test,3,8,C8 Lugano,0.08,0.28,-0.086,63,0.08,1.0
Persistencia,Test,3,9,C9 Liniers,0.08,0.36,0.241,78,0.1,2.0
XGBoost,Test,3,9,C9 Liniers,3.49,8.73,-433.856,75,0.11,2.0
LSTM+aug,Test,3,9,C9 Liniers,0.13,0.47,-0.078,63,0.13,2.0
Persistencia,Test,3,10,C10 Floresta,0.18,0.6,-0.496,78,0.13,3.0
XGBoost,Test,3,10,C10 Floresta,3.28,7.99,-255.271,75,0.13,3.0
LSTM+aug,Test,3,10,C10 Floresta,0.16,0.56,-0.086,63,0.16,3.0
Persistencia,Test,3,11,C11 Villa del Parque,0.74,2.22,0.272,78,0.92,17.0
XGBoost,Test,3,11,C11 Villa del Parque,3.38,8.84,-10.167,75,0.96,17.0
LSTM+aug,Test,3,11,C11 Villa del Parque,1.14,3.07,-0.161,63,1.14,17.0
Persistencia,Test,3,12,C12 Coghlan,0.15,0.48,0.107,78,0.15,3.0
XGBoost,Test,3,12,C12 Coghlan,2.31,5.31,-104.261,75,0.16,3.0
LSTM+aug,Test,3,12,C12 Coghlan,0.19,0.59,-0.116,63,0.19,3.0
Persistencia,Test,3,13,C13 Belgrano,0.13,0.36,-0.569,78,0.09,1.0
XGBoost,Test,3,13,C13 Belgrano,2.47,5.62,-372.78,75,0.09,1.0
LSTM+aug,Test,3,13,C13 Belgrano,0.11,0.33,-0.125,63,0.11,1.0
Persistencia,Test,3,14,C14 Palermo,0.15,0.45,-1.122,78,0.08,2.0
XGBoost,Test,3,14,C14 Palermo,2.56,5.88,-344.026,75,0.08,2.0
LSTM+aug,Test,3,14,C14 Palermo,0.1,0.36,-0.077,63,0.1,2.0
Persistencia,Test,3,15,C15 Agronomía,0.21,0.64,-0.645,78,0.14,3.0
XGBoost,Test,3,15,C15 Agronomía,2.63,6.14,-144.917,75,0.15,3.0
LSTM+aug,Test,3,15,C15 Agronomía,0.17,0.58,-0.101,63,0.17,3.0
Persistencia,Test,4,1,C1 Puerto Madero,0.22,0.52,-0.484,78,0.15,2.0
XGBoost,Test,4,1,C1 Puerto Madero,7.68,13.94,-1022.057,74,0.16,2.0
LSTM+aug,Test,4,1,C1 Puerto Madero,0.91,0.96,-3.409,62,0.18,2.0
Persistencia,Test,4,2,C2 Recoleta,0.08,0.28,-1.08,78,0.04,1.0
XGBoost,Test,4,2,C2 Recoleta,1.01,1.92,-93.912,74,0.04,1.0
LSTM+aug,Test,4,2,C2 Recoleta,0.98,1.0,-20.689,62,0.05,1.0
Persistencia,Test,4,3,C3 Balvanera,0.15,0.45,-0.19,78,0.14,2.0
XGBoost,Test,4,3,C3 Balvanera,1.67,3.02,-49.355,74,0.15,2.0
LSTM+aug,Test,4,3,C3 Balvanera,0.93,0.97,-3.729,62,0.16,2.0
Persistencia,Test,4,4,C4 La Boca,0.13,0.53,-1.06,78,0.06,3.0
XGBoost,Test,4,4,C4 La Boca,2.65,4.89,-164.979,74,0.07,3.0
LSTM+aug,Test,4,4,C4 La Boca,1.01,1.03,-5.212,62,0.08,3.0
Persistencia,Test,4,5,C5 Almagro,0.1,0.32,-1.108,78,0.05,1.0
XGBoost,Test,4,5,C5 Almagro,1.62,3.03,-178.305,74,0.05,1.0
LSTM+aug,Test,4,5,C5 Almagro,0.96,0.99,-15.267,62,0.06,1.0
Persistencia,Test,4,6,C6 Caballito,0.08,0.32,0.229,78,0.09,2.0
XGBoost,Test,4,6,C6 Caballito,1.82,3.4,-81.797,74,0.09,2.0
LSTM+aug,Test,4,6,C6 Caballito,0.97,1.0,-5.046,62,0.11,2.0
Persistencia,Test,4,7,C7 Flores,0.1,0.36,-0.497,78,0.06,2.0
XGBoost,Test,4,7,C7 Flores,3.1,6.27,-435.688,74,0.07,2.0
LSTM+aug,Test,4,7,C7 Flores,0.98,1.0,-8.372,62,0.08,2.0
Persistencia,Test,4,8,C8 Lugano,0.08,0.28,-0.282,78,0.06,1.0
XGBoost,Test,4,8,C8 Lugano,3.94,8.08,-1036.528,74,0.07,1.0
LSTM+aug,Test,4,8,C8 Lugano,0.94,0.98,-12.014,62,0.08,1.0
Persistencia,Test,4,9,C9 Liniers,0.08,0.36,0.241,78,0.1,2.0
XGBoost,Test,4,9,C9 Liniers,4.61,10.45,-614.162,74,0.11,2.0
LSTM+aug,Test,4,9,C9 Liniers,0.99,1.01,-3.833,62,0.13,2.0
Persistencia,Test,4,10,C10 Floresta,0.18,0.6,-0.496,78,0.13,3.0
XGBoost,Test,4,10,C10 Floresta,3.87,8.8,-306.416,74,0.14,3.0
LSTM+aug,Test,4,10,C10 Floresta,0.99,1.02,-2.512,62,0.16,3.0
Persistencia,Test,4,11,C11 Villa del Parque,0.74,2.22,0.272,78,0.92,17.0
XGBoost,Test,4,11,C11 Villa del Parque,3.48,7.02,-5.958,74,0.97,17.0
LSTM+aug,Test,4,11,C11 Villa del Parque,1.69,2.87,-0.002,62,1.16,17.0
Persistencia,Test,4,12,C12 Coghlan,0.15,0.48,0.107,78,0.15,3.0
XGBoost,Test,4,12,C12 Coghlan,2.03,4.15,-62.648,74,0.16,3.0
LSTM+aug,Test,4,12,C12 Coghlan,0.96,1.0,-2.175,62,0.19,3.0
Persistencia,Test,4,13,C13 Belgrano,0.13,0.36,-0.569,78,0.09,1.0
XGBoost,Test,4,13,C13 Belgrano,2.38,4.61,-246.994,74,0.09,1.0
LSTM+aug,Test,4,13,C13 Belgrano,0.91,0.96,-8.296,62,0.11,1.0
Persistencia,Test,4,14,C14 Palermo,0.15,0.45,-1.122,78,0.08,2.0
XGBoost,Test,4,14,C14 Palermo,2.71,5.51,-297.995,74,0.08,2.0
LSTM+aug,Test,4,14,C14 Palermo,0.96,0.99,-7.191,62,0.1,2.0
Persistencia,Test,4,15,C15 Agronomía,0.21,0.64,-0.645,78,0.14,3.0
XGBoost,Test,4,15,C15 Agronomía,2.8,5.57,-117.54,74,0.15,3.0
LSTM+aug,Test,4,15,C15 Agronomía,0.97,1.01,-2.335,62,0.18,3.0
